Инструмент;Волатильность
GLD;0,0096
DIA;0,0125
VOO;0,0153
IVV;0,0153
SPY;0,0153
HMC;0,0173
TM;0,0173
SLV;0,019
QQQ;0,0203
CVX;0,0208
XOM;0,022
MSFT;0,0223
BP;0,0224
AAPL;0,0225
GOOG;0,0245
PLAT;0,025
GM;0,0277
F;0,0309
AMZN;0,0316
PALL;0,0324
FCX;0,034
META;0,0406
TSLA;0,0412
GAZP.ME;0,0606
LUKOY;0,0921
